日期,AQI指数
,
2013/10/28,162
,
2013/10/29,193
,
2013/10/30,210
,
2013/10/31,136
,
2013/11/1,119
,
2013/11/2,92
,
2013/11/3,70
,
2013/11/4,115
,
2013/11/5,144
,
2013/11/6,150
,
2013/11/7,186
,
2013/11/8,189
,
2013/11/9,179
,
2013/11/10,128
,
2013/11/11,61
,
2013/11/12,57
,
2013/11/13,54
,
2013/11/14,63
,
2013/11/15,62
,
2013/11/16,100
,
2013/11/17,117
,
2013/11/18,104
,
2013/11/19,96
,
2013/11/20,111
,
2013/11/21,111
,
2013/11/22,141
,
2013/11/23,198
,
2013/11/24,163
,
2013/11/25,56
,
2013/11/26,74
,
2013/11/27,80
,
2013/11/28,67
,
2013/11/29,59
,
2013/11/30,76
,
2013/12/1,103
,
2013/12/2,121
,
2013/12/3,146
,
2013/12/4,120
,
2013/12/5,210
,
2013/12/6,220
,
2013/12/7,258
,
2013/12/8,292
,
2013/12/9,218
,
2013/12/10,129
,
2013/12/11,118
,
2013/12/12,99
,
2013/12/13,117
,
2013/12/14,136
,
2013/12/15,159
,
2013/12/16,118
,
2013/12/17,27
,
2013/12/18,30
,
2013/12/19,76
,
2013/12/20,155
,
2013/12/21,160
,
2013/12/22,96
,
2013/12/23,92
,
2013/12/24,93
,
2013/12/25,134
,
2013/12/26,158
,
2013/12/27,128
,
2013/12/28,63
,
2013/12/29,84
,
2013/12/30,108
,
2013/12/31,133
,
2014/1/1,145
,
2014/1/2,171
,
2014/1/3,138
,
2014/1/4,95
,
2014/1/5,133
,
2014/1/6,139
,
2014/1/7,127
,
2014/1/8,111
,
2014/1/9,101
,
2014/1/10,69
,
2014/1/11,41
,
2014/1/12,55
,
2014/1/13,107
,
2014/1/14,159
,
2014/1/15,116
,
2014/1/16,108
,
2014/1/17,101
,
2014/1/18,152
,
2014/1/19,193
,
2014/1/20,125
,
2014/1/21,76
,
2014/1/22,75
,
2014/1/24,115
,
2014/1/25,187
,
2014/1/26,199
,
2014/1/27,132
,
2014/1/28,157
,
2014/1/29,177
,
2014/1/30,243
,
2014/1/31,324
,
2014/2/1,78
,
2014/2/2,97
,
2014/2/3,113
,
2014/2/4,58
,
2014/2/5,35
,
2014/2/6,11
,
2014/2/7,11
,
2014/2/8,39
,
2014/2/9,70
,
2014/2/10,47
,
2014/2/11,52
,
2014/2/12,66
,
2014/2/13,46
,
2014/2/14,58
,
2014/2/15,67
,
2014/2/16,36
,
2014/2/17,34
,
2014/2/18,16
,
2014/2/19,34
,
2014/2/20,55
,
2014/2/21,70
,
2014/2/22,66
,
2014/2/23,91
,
2014/2/24,80
,
2014/2/25,27
,
2014/2/26,44
,
2014/2/27,57
,
2014/2/28,23
,
2014/3/1,17
,
2014/3/2,50
,
2014/3/3,50
,
2014/3/4,40
,
2014/3/5,61
,
2014/3/6,45
,
2014/3/7,26
,
2014/3/8,35
,
2014/3/9,58
,
2014/3/10,77
,
2014/3/11,84
,
2014/3/12,38
,
2014/3/13,83
,
2014/3/14,82
,
2014/3/15,83
,
2014/3/16,74
,
2014/3/17,67
,
2014/3/18,101
,
2014/3/19,83
,
2014/3/20,57
,
2014/3/21,64
,
2014/3/22,83
,
2014/3/23,97
,
2014/3/25,90
,
2014/3/26,68
,
2014/3/27,61
,
2014/3/28,38
,
2014/3/29,40
,
2014/3/30,56
,
2014/3/31,63
,
2014/4/1,61
,
2014/4/2,53
,
2014/4/3,59
,
2014/4/4,69
,
2014/4/5,96
,
2014/4/6,67
,
2014/4/7,48
,
2014/4/8,61
,
2014/4/9,74
,
2014/4/10,76
,
2014/4/11,70
,
2014/4/12,36
,
2014/4/13,30
,
2014/4/14,48
,
2014/4/15,64
,
2014/4/16,81
,
2014/4/17,68
,
2014/4/18,64
,
2014/4/19,47
,
2014/4/20,32
,
2014/4/21,38
,
2014/4/22,35
,
2014/4/23,63
,
2014/4/24,51
,
2014/4/25,41
,
2014/4/26,50
,
2014/4/27,59
,
2014/4/28,72
,
2014/4/29,69
,
2014/4/30,106
,
2014/5/1,84
,
2014/5/2,111
,
2014/5/3,112
,
2014/5/4,63
,
2014/5/5,75
,
2014/5/6,69
,
2014/5/7,79
,
2014/5/8,70
,
2014/5/9,42
,
2014/5/10,61
,
2014/5/11,37
,
2014/5/12,62
,
2014/5/13,93
,
2014/5/14,50
,
2014/5/15,62
,
2014/5/16,84
,
2014/5/17,101
,
2014/5/18,129
,
2014/5/19,158
,
2014/5/20,137
,
2014/5/21,118
,
2014/5/22,42
,
2014/5/23,41
,
2014/5/24,60
,
2014/5/25,49
,
2014/5/26,102
,
2014/5/27,124
,
2014/5/28,126
,
2014/5/29,97
,
2014/5/30,57
,
2014/5/31,66
,
2014/6/1,69
,
2014/6/2,66
,
2014/6/3,68
,
2014/6/4,72
,
2014/6/5,81
,
2014/6/6,98
,
2014/6/7,115
,
2014/6/8,163
,
2014/6/9,165
,
2014/6/10,98
,
2014/6/11,77
,
2014/6/12,80
,
2014/6/13,110
,
2014/6/14,81
,
2014/6/15,87
,
2014/6/16,132
,
2014/6/17,48
,
2014/6/18,48
,
2014/6/19,41
,
2014/6/20,24
,
2014/6/21,36
,
2014/6/22,40
,
2014/6/23,32
,
2014/6/24,30
,
2014/6/25,50
,
2014/6/26,50
,
2014/6/27,28
,
2014/6/28,50
,
2014/6/29,47
,
2014/6/30,50
,
2014/7/1,57
,
2014/7/2,48
,
2014/7/3,39
,
2014/7/4,56
,
2014/7/5,47
,
2014/7/6,32
,
2014/7/7,48
,
2014/7/8,56
,
2014/7/9,82
,
2014/7/10,108
,
2014/7/11,103
,
2014/7/12,42
,
2014/7/13,22
,
2014/7/14,41
,
2014/7/15,25
,
2014/7/16,35
,
2014/7/17,53
,
2014/7/18,59
,
2014/7/19,49
,
2014/7/20,79
,
2014/7/21,76
,
2014/7/22,110
,
2014/7/23,60
,
2014/7/24,29
,
2014/7/25,69
,
2014/7/26,58
,
2014/7/27,67
,
2014/7/28,54
,
2014/7/29,51
,
2014/7/30,68
,
2014/7/31,67
,
2014/8/1,37
,
2014/8/2,29
,
2014/8/3,43
,
2014/8/4,54
,
2014/8/5,50
,
2014/8/6,65
,
2014/8/7,61
,
2014/8/9,41
,
2014/8/10,65
,
2014/8/11,53
,
2014/8/12,65
,
2014/8/13,40
,
2014/8/14,42
,
2014/8/15,56
,
2014/8/16,45
,
2014/8/17,44
,
2014/8/18,38
,
2014/8/19,37
,
2014/8/20,60
,
2014/8/21,78
,
2014/8/23,76
,
2014/8/24,59
,
2014/8/25,52
,
2014/8/26,79
,
2014/8/27,59
,
2014/8/28,77
,
2014/8/29,48
,
2014/8/30,62
,
2014/8/31,78
,
2014/9/1,63
,
2014/9/2,62
,
2014/9/3,40
,
2014/9/4,57
,
2014/9/5,70
,
2014/9/6,91
,
2014/9/7,96
,
2014/9/8,83
,
2014/9/9,94
,
2014/9/10,51
,
2014/9/11,73
,
2014/9/12,54
,
2014/9/13,35
,
2014/9/14,51
,
2014/9/15,64
,
2014/9/16,59
,
2014/9/17,69
,
2014/9/18,48
,
2014/9/19,25
,
2014/9/20,53
,
2014/9/21,71
,
2014/9/22,51
,
2014/9/23,51
,
2014/9/24,46
,
2014/9/25,68
,
2014/9/26,116
,
2014/9/27,146
,
2014/9/28,133
,
2014/9/29,83
,
2014/9/30,42
,
2014/10/1,61
,
2014/10/2,66
,
2014/10/3,66
,
2014/10/4,72
,
2014/10/5,68
,
2014/10/6,83
,
2014/10/7,93
,
2014/10/8,85
,
2014/10/9,83
,
2014/10/10,93
,
2014/10/11,88
,
2014/10/12,131
,
2014/10/13,211
,
2014/10/14,117
,
2014/10/15,155
,
2014/10/16,131
,
2014/10/17,126
,
2014/10/18,112
,
2014/10/19,123
,
2014/10/20,150
,
2014/10/21,112
,
2014/10/22,50
,
2014/10/23,82
,
2014/10/24,106
,
2014/10/25,146
,
2014/10/26,144
,
2014/10/27,122
,
2014/10/28,133
,
2014/10/29,100
,
2014/10/30,69
,
2014/10/31,39
,
2014/11/1,79
,
2014/11/2,80
,
2014/11/3,57
,
2014/11/4,87
,
2014/11/5,116
,
2014/11/6,88
,
2014/11/7,112
,
2014/11/8,45
,
2014/11/9,56
,
2014/11/10,69
,
2014/11/11,67
,
2014/11/12,66
,
2014/11/13,70
,
2014/11/14,76
,
2014/11/15,76
,
2014/11/16,85
,
2014/11/17,88
,
2014/11/18,64
,
2014/11/19,87
,
2014/11/20,130
,
2014/11/21,144
,
2014/11/22,92
,
2014/11/23,161
,
2014/11/24,88
,
2014/11/25,17
,
2014/11/26,38
,
2014/11/27,54
,
2014/11/28,31
,
2014/11/29,65
,
2014/11/30,25
,
2014/12/1,76
,
2014/12/2,61
,
2014/12/3,42
,
2014/12/4,53
,
2014/12/5,57
,
2014/12/6,50
,
2014/12/7,59
,
2014/12/8,80
,
2014/12/9,67
,
2014/12/10,58
,
2014/12/11,66
,
2014/12/12,65
,
2014/12/13,68
,
2014/12/14,75
,
2014/12/15,68
,
2014/12/16,60
,
2014/12/17,34
,
2014/12/18,50
,
2014/12/19,67
,
2014/12/20,87
,
2014/12/21,55
,
2014/12/22,60
,
2014/12/23,84
,
2014/12/24,90
,
2014/12/25,108
,
2014/12/26,78
,
2014/12/27,71
,
2014/12/28,73
,
2014/12/29,92
,
2014/12/30,109
,
2014/12/31,115
,
2015/1/1,42
,
2015/1/2,58
,
2015/1/3,79
,
2015/1/4,131
,
2015/1/5,118
,
2015/1/6,102
,
2015/1/7,58
,
2015/1/8,76
,
2015/1/9,91
,
2015/1/10,119
,
2015/1/11,125
,
2015/1/12,107
,
2015/1/13,74
,
2015/1/14,63
,
2015/1/15,51
,
2015/1/16,87
,
2015/1/17,120
,
2015/1/18,131
,
2015/1/19,107
,
2015/1/20,105
,
2015/1/21,120
,
2015/1/22,90
,
2015/1/23,99
,
2015/1/24,111
,
2015/1/25,126
,
2015/1/26,202
,
2015/1/27,83
,
2015/1/28,22
,
2015/1/29,16
,
2015/1/30,47
,
2015/1/31,102
,
2015/2/1,63
,
2015/2/2,60
,
2015/2/3,62
,
2015/2/4,93
,
2015/2/5,114
,
2015/2/6,72
,
2015/2/7,107
,
2015/2/8,105
,
2015/2/9,50
,
2015/2/10,65
,
2015/2/11,91
,
2015/2/12,118
,
2015/2/13,135
,
2015/2/14,96
,
2015/2/15,72
,
2015/2/16,93
,
2015/2/17,111
,
2015/2/18,105
,
2015/2/19,95
,
2015/2/20,41
,
2015/2/21,24
,
2015/2/22,54
,
2015/2/23,67
,
2015/2/24,60
,
2015/2/25,36
,
2015/2/26,26
,
2015/2/27,20
,
2015/2/28,17
,
2015/3/1,33
,
2015/3/2,40
,
2015/3/3,43
,
2015/3/4,69
,
2015/3/5,36
,
2015/3/6,40
,
2015/3/7,51
,
2015/3/8,44
,
2015/3/9,50
,
2015/3/10,70
,
2015/3/11,56
,
2015/3/12,75
,
2015/3/13,83
,
2015/3/14,44
,
2015/3/15,77
,
2015/3/16,70
,
2015/3/17,79
,
2015/3/18,34
,
2015/3/19,25
,
2015/3/20,33
,
2015/3/21,36
,
2015/3/22,50
,
2015/3/23,56
,
2015/3/24,67
,
2015/3/25,58
,
2015/3/26,56
,
2015/3/27,54
,
2015/3/28,76
,
2015/3/29,73
,
2015/3/30,47
,
2015/3/31,68
,
2015/4/1,56
,
2015/4/2,54
,
2015/4/3,37
,
2015/4/4,39
,
2015/4/5,41
,
2015/4/6,26
,
2015/4/7,23
,
2015/4/8,29
,
2015/4/9,41
,
2015/4/10,49
,
2015/4/11,71
,
2015/4/12,78
,
2015/4/13,56
,
2015/4/14,65
,
2015/4/15,90
,
2015/4/16,93
,
2015/4/17,87
,
2015/4/18,70
,
2015/4/19,50
,
2015/4/20,29
,
2015/4/21,51
,
2015/4/22,68
,
2015/4/23,87
,
2015/4/24,74
,
2015/4/25,59
,
2015/4/26,81
,
2015/4/27,88
,
2015/4/28,64
,
2015/4/29,71
,
2015/4/30,76
,
2015/5/1,73
,
2015/5/2,40
,
2015/5/3,61
,
2015/5/4,67
,
2015/5/5,71
,
2015/5/6,64
,
2015/5/7,71
,
2015/5/8,43
,
2015/5/9,64
,
2015/5/10,77
,
2015/5/11,48
,
2015/5/12,73
,
2015/5/13,81
,
2015/5/14,46
,
2015/5/15,42
,
2015/5/16,49
,
2015/5/17,55
,
2015/5/18,67
,
2015/5/19,68
,
2015/5/20,90
,
2015/5/21,89
,
2015/5/22,69
,
2015/5/23,111
,
2015/5/24,152
,
2015/5/25,164
,
2015/5/26,158
,
2015/5/27,60
,
2015/5/28,67
,
2015/5/29,100
,
2015/5/30,48
,
2015/5/31,67
,
2015/6/1,83
,
2015/6/2,54
,
2015/6/3,50
,
2015/6/4,47
,
2015/6/5,64
,
2015/6/6,87
,
2015/6/7,65
,
2015/6/8,32
,
2015/6/9,46
,
2015/6/10,58
,
2015/6/11,60
,
2015/6/12,69
,
2015/6/13,43
,
2015/6/14,35
,
2015/6/15,50
,
2015/6/16,55
,
2015/6/17,59
,
2015/6/18,55
,
2015/6/19,49
,
2015/6/20,54
,
2015/6/21,51
,
2015/6/22,37
,
2015/6/23,42
,
2015/6/24,40
,
2015/6/25,43
,
2015/6/26,54
,
2015/6/27,58
,
2015/6/28,65
,
2015/6/29,66
,
2015/6/30,63
,
2015/7/1,38
,
2015/7/2,45
,
2015/7/3,46
,
2015/7/4,60
,
2015/7/5,37
,
2015/7/6,33
,
2015/7/7,43
,
2015/7/8,46
,
2015/7/9,45
,
2015/7/10,54
,
2015/7/11,38
,
2015/7/12,51
,
2015/7/13,88
,
2015/7/14,123
,
2015/7/15,106
,
2015/7/16,66
,
2015/7/17,40
,
2015/7/18,51
,
2015/7/19,67
,
2015/7/20,72
,
2015/7/21,50
,
2015/7/22,60
,
2015/7/23,47
,
2015/7/24,34
,
2015/7/25,30
,
2015/7/26,36
,
2015/7/27,43
,
2015/7/28,55
,
2015/7/29,64
,
2015/7/30,48
,
2015/7/31,57
,
2015/8/1,68
,
2015/8/2,78
,
2015/8/3,72
,
2015/8/4,78
,
2015/8/5,85
,
2015/8/6,80
,
2015/8/7,66
,
2015/8/8,48
,
2015/8/9,26
,
2015/8/10,26
,
2015/8/11,29
,
2015/8/12,43
,
2015/8/13,61
,
2015/8/14,48
,
2015/8/15,42
,
2015/8/16,49
,
2015/8/17,67
,
2015/8/18,59
,
2015/8/19,58
,
2015/8/20,37
,
2015/8/21,49
,
2015/8/22,60
,
2015/8/23,56
,
2015/8/24,62
,
2015/8/25,55
,
2015/8/26,79
,
2015/8/27,102
,
2015/8/28,76
,
2015/8/29,67
,
2015/8/30,80
,
2015/8/31,81
,
2015/9/1,82
,
2015/9/2,77
,
2015/9/3,54
,
2015/9/4,39
,
2015/9/5,43
,
2015/9/6,45
,
2015/9/7,62
,
2015/9/8,53
,
2015/9/9,58
,
2015/9/10,67
,
2015/9/11,68
,
2015/9/12,54
,
2015/9/13,52
,
2015/9/14,57
,
2015/9/15,41
,
2015/9/16,52
,
2015/9/17,52
,
2015/9/18,67
,
2015/9/19,42
,
2015/9/20,69
,
2015/9/21,54
,
2015/9/22,62
,
2015/9/23,54
,
2015/9/24,57
,
2015/9/25,42
,
2015/9/26,56
,
2015/9/27,59
,
2015/9/28,79
,
2015/9/29,67
,
2015/9/30,17
,
2015/10/1,42
,
2015/10/2,74
,
2015/10/3,71
,
2015/10/4,73
,
2015/10/5,46
,
2015/10/6,35
,
2015/10/7,28
,
2015/10/8,29
,
2015/10/9,47
,
2015/10/10,75
,
2015/10/11,76
,
2015/10/12,92
,
2015/10/13,73
,
2015/10/14,90
,
2015/10/15,108
,
2015/10/16,108
,
2015/10/17,121
,
2015/10/18,97
,
2015/10/19,69
,
2015/10/20,73
,
2015/10/21,74
,
2015/10/22,82
,
2015/10/23,102
,
2015/10/24,131
,
2015/10/25,127
,
2015/10/26,132
,
2015/10/27,62
,
2015/10/28,64
,
2015/10/29,50
,
2015/10/30,69
,
2015/10/31,42
,
2015/11/1,48
,
2015/11/2,64
,
2015/11/3,74
,
2015/11/4,101
,
2015/11/5,80
,
2015/11/6,96
,
2015/11/7,59
,
2015/11/8,25
,
2015/11/9,45
,
2015/11/10,40
,
2015/11/11,53
,
2015/11/12,24
,
2015/11/13,31
,
2015/11/14,42
,
2015/11/15,53
,
2015/11/16,37
,
2015/11/17,28
,
2015/11/18,21
,
2015/11/19,35
,
2015/11/20,37
,
2015/11/21,49
,
2015/11/22,56
,
2015/11/23,44
,
2015/11/24,24
,
2015/11/25,23
,
2015/11/26,44
,
2015/11/27,45
,
2015/11/28,56
,
2015/11/29,57
,
2015/11/30,91
,
2015/12/1,109
,
2015/12/2,72
,
2015/12/3,82
,
2015/12/4,67
,
2015/12/5,32
,
2015/12/6,38
,
2015/12/7,49
,
2015/12/8,51
,
2015/12/9,76
,
2015/12/10,49
,
2015/12/11,160
,
2015/12/12,210
,
2015/12/13,72
,
2015/12/14,132
,
2015/12/15,115
,
2015/12/16,53
,
2015/12/17,50
,
2015/12/18,61
,
2015/12/19,99
,
2015/12/20,102
,
2015/12/21,107
,
2015/12/22,114
,
2015/12/23,161
,
2015/12/24,80
,
2015/12/25,75
,
2015/12/26,98
,
2015/12/27,130
,
2015/12/28,102
,
2015/12/29,92
,
2015/12/30,121
,
2015/12/31,139
,
2016/1/1,145
,
2016/1/2,197
,
2016/1/3,180
,
2016/1/4,89
,
2016/1/5,73
,
2016/1/6,61
,
2016/1/7,77
,
2016/1/8,96
,
2016/1/9,76
,
2016/1/10,94
,
2016/1/11,88
,
2016/1/12,56
,
2016/1/13,57
,
2016/1/14,85
,
2016/1/15,81
,
2016/1/16,60
,
2016/1/17,57
,
2016/1/18,124
,
2016/1/19,165
,
2016/1/20,100
,
2016/1/21,54
,
2016/1/22,34
,
2016/1/23,69
,
2016/1/24,67
,
2016/1/25,76
,
2016/1/26,81
,
2016/1/27,76
,
2016/1/28,33
,
2016/1/29,39
,
2016/1/30,46
,
2016/1/31,57
,
2016/2/1,94
,
2016/2/2,112
,
2016/2/3,90
,
2016/2/4,89
,
2016/2/5,104
,
2016/2/6,89
,
2016/2/7,143
,
2016/2/8,280
,
2016/2/9,98
,
2016/2/10,90
,
2016/2/11,59
,
2016/2/12,63
,
2016/2/13,44
,
2016/2/14,38
,
2016/2/15,52
,
2016/2/16,44
,
2016/2/17,64
,
2016/2/18,75
,
2016/2/19,69
,
2016/2/20,112
,
2016/2/21,119
,
2016/2/22,60
,
2016/2/23,73
,
2016/2/24,111
,
2016/2/25,134
,
2016/2/26,77
,
2016/2/27,61
,
2016/2/28,81
,
2016/2/29,118
,
2016/3/1,93
,
2016/3/2,115
,
2016/3/3,152
,
2016/3/4,141
,
2016/3/5,98
,
2016/3/6,172
,
2016/3/7,110
,
2016/3/8,57
,
2016/3/9,41
,
2016/3/10,45
,
2016/3/11,73
,
2016/3/12,98
,
2016/3/13,89
,
2016/3/14,127
,
2016/3/15,139
,
2016/3/16,145
,
2016/3/17,141
,
2016/3/18,112
,
2016/3/19,98
,
2016/3/20,102
,
2016/3/21,52
,
2016/3/22,47
,
2016/3/23,70
,
2016/3/24,54
,
2016/3/25,56
,
2016/3/26,72
,
2016/3/27,82
,
2016/3/28,90
,
2016/3/29,112
,
2016/3/30,87
,
2016/3/31,96
,
2016/4/1,113
,
2016/4/2,125
,
2016/4/3,58
,
2016/4/4,46
,
2016/4/5,71
,
2016/4/6,70
,
2016/4/7,33
,
2016/4/8,56
,
2016/4/9,46
,
2016/4/10,64
,
2016/4/11,71
,
2016/4/12,64
,
2016/4/13,59
,
2016/4/14,64
,
2016/4/15,51
,
2016/4/16,37
,
2016/4/17,42
,
2016/4/18,53
,
2016/4/19,68
,
2016/4/20,52
,
2016/4/21,37
,
2016/4/22,45
,
2016/4/23,35
,
2016/4/24,45
,
2016/4/25,43
,
2016/4/26,30
,
2016/4/27,49
,
2016/4/28,58
,
2016/4/29,64
,
2016/4/30,79
,
2016/5/1,58
,
2016/5/2,46
,
2016/5/3,63
,
2016/5/4,69
,
2016/5/5,40
,
2016/5/6,57
,
2016/5/7,52
,
2016/5/8,50
,
2016/5/9,45
,
2016/5/10,45
,
2016/5/11,72
,
2016/5/12,79
,
2016/5/13,80
,
2016/5/14,86
,
2016/5/15,54
,
2016/5/16,59
,
2016/5/17,61
,
2016/5/18,66
,
2016/5/19,61
,
2016/5/20,37
,
2016/5/21,38
,
2016/5/22,45
,
2016/5/23,46
,
2016/5/24,53
,
2016/5/25,44
,
2016/5/26,32
,
2016/5/27,62
,
2016/5/28,43
,
2016/5/29,34
,
2016/5/30,61
,
2016/5/31,68
,
2016/6/1,49
,
2016/6/2,30
,
2016/6/3,26
,
2016/6/4,55
,
2016/6/5,71
,
2016/6/6,77
,
2016/6/7,66
,
2016/6/8,59
,
2016/6/9,73
,
2016/6/10,73
,
2016/6/11,33
,
2016/6/12,37
,
2016/6/13,55
,
2016/6/14,63
,
2016/6/15,33
,
2016/6/16,55
,
2016/6/17,58
,
2016/6/18,38
,
2016/6/19,29
,
2016/6/20,44
,
2016/6/21,54
,
2016/6/22,56
,
2016/6/23,61
,
2016/6/24,55
,
2016/6/25,41
,
2016/6/26,43
,
2016/6/27,49
,
2016/6/28,51
,
2016/6/29,27
,
2016/6/30,30
,
2016/7/1,33
,
2016/7/2,40
,
2016/7/3,35
,
2016/7/4,34
,
2016/7/5,35
,
2016/7/6,43
,
2016/7/7,45
,
2016/7/8,54
,
2016/7/9,49
,
2016/7/10,49
,
2016/7/11,45
,
2016/7/12,61
,
2016/7/13,57
,
2016/7/14,38
,
2016/7/15,48
,
2016/7/16,24
,
2016/7/17,28
,
2016/7/18,26
,
2016/7/19,39
,
2016/7/20,36
,
2016/7/21,44
,
2016/7/22,59
,
2016/7/23,70
,
2016/7/24,76
,
2016/7/25,82
,
2016/7/26,85
,
2016/7/27,77
,
2016/7/28,71
,
2016/7/29,64
,
2016/7/30,70
,
2016/7/31,66
,
2016/8/1,56
,
2016/8/2,38
,
2016/8/3,32
,
2016/8/4,37
,
2016/8/5,39
,
2016/8/6,46
,
2016/8/7,47
,
2016/8/8,53
,
2016/8/9,53
,
2016/8/10,37
,
2016/8/11,43
,
2016/8/12,36
,
2016/8/13,38
,
2016/8/14,36
,
2016/8/15,51
,
2016/8/16,57
,
2016/8/17,70
,
2016/8/18,43
,
2016/8/19,43
,
2016/8/20,58
,
2016/8/21,51
,
2016/8/22,64
,
2016/8/23,67
,
2016/8/24,65
,
2016/8/25,73
,
2016/8/26,68
,
2016/8/27,45
,
2016/8/28,65
,
2016/8/29,63
,
2016/8/30,71
,
2016/8/31,77
,
2016/9/1,47
,
2016/9/2,64
,
2016/9/3,70
,
2016/9/4,60
,
2016/9/5,63
,
2016/9/6,48
,
2016/9/7,49
,
2016/9/8,66
,
2016/9/9,91
,
2016/9/10,65
,
2016/9/11,63
,
2016/9/12,44
,
2016/9/13,62
,
2016/9/14,56
,
2016/9/15,45
,
2016/9/16,25
,
2016/9/17,32
,
2016/9/18,49
,
2016/9/19,76
,
2016/9/20,62
,
2016/9/21,66
,
2016/9/22,82
,
2016/9/23,100
,
2016/9/24,101
,
2016/9/25,109
,
2016/9/26,88
,
2016/9/27,92
,
2016/9/28,69
,
2016/9/29,23
,
2016/9/30,27
,
2016/10/1,43
,
2016/10/2,60
,
2016/10/3,33
,
2016/10/4,49
,
2016/10/5,68
,
2016/10/6,74
,
2016/10/7,42
,
2016/10/8,50
,
2016/10/9,65
,
2016/10/10,55
,
2016/10/11,59
,
2016/10/12,55
,
2016/10/13,61
,
2016/10/14,68
,
2016/10/15,68
,
2016/10/16,75
,
2016/10/17,61
,
2016/10/18,69
,
2016/10/19,66
,
2016/10/20,43
,
2016/10/21,52
,
2016/10/22,23
,
2016/10/23,32
,
2016/10/24,48
,
2016/10/25,46
,
2016/10/26,65
,
2016/10/27,55
,
2016/10/28,40
,
2016/10/29,24
,
2016/10/30,36
,
2016/10/31,38
,
2016/11/1,28
,
2016/11/2,43
,
2016/11/3,58
,
2016/11/4,88
,
2016/11/5,127
,
2016/11/6,109
,
2016/11/7,104
,
2016/11/8,29
,
2016/11/9,43
,
2016/11/10,48
,
2016/11/11,63
,
2016/11/12,70
,
2016/11/13,28
,
2016/11/14,38
,
2016/11/15,138
,
2016/11/16,93
,
2016/11/17,78
,
2016/11/18,71
,
2016/11/19,77
,
2016/11/20,56
,
2016/11/21,61
,
2016/11/22,34
,
2016/11/23,15
,
2016/11/24,29
,
2016/11/25,54
,
2016/11/26,51
,
2016/11/27,69
,
2016/11/28,79
,
2016/11/29,94
,
2016/11/30,94
,
2016/12/1,89
,
2016/12/2,91
,
2016/12/3,140
,
2016/12/4,159
,
2016/12/5,171
,
2016/12/6,202
,
2016/12/7,222
,
2016/12/8,214
,
2016/12/9,175
,
2016/12/10,126
,
2016/12/11,92
,
2016/12/12,140
,
2016/12/13,67
,
2016/12/14,60
,
2016/12/15,52
,
2016/12/16,85
,
2016/12/17,106
,
2016/12/18,101
,
2016/12/19,81
,
2016/12/20,79
,
2016/12/21,67
,
2016/12/22,61
,
2016/12/23,83
,
2016/12/24,78
,
2016/12/25,69
,
2016/12/26,21
,
2016/12/27,50
,
2016/12/28,77
,
2016/12/29,61
,
2016/12/30,85
,
2016/12/31,91
,
2017/1/1,127
,
2017/1/2,123
,
2017/1/3,180
,
2017/1/4,216
,
2017/1/5,172
,
2017/1/6,28
,
2017/1/7,17
,
2017/1/8,30
,
2017/1/9,82
,
2017/1/10,112
,
2017/1/11,103
,
2017/1/12,64
,
2017/1/13,66
,
2017/1/14,93
,
2017/1/15,69
,
2017/1/16,69
,
2017/1/17,73
,
2017/1/18,88
,
2017/1/19,100
,
2017/1/20,113
,
2017/1/21,76
,
2017/1/22,92
,
2017/1/23,75
,
2017/1/24,76
,
2017/1/25,72
,
2017/1/26,85
,
2017/1/27,97
,
2017/1/28,222
,
2017/1/29,134
,
2017/1/30,87
,
2017/1/31,63
,
2017/2/1,76
,
2017/2/2,70
,
2017/2/3,110
,
2017/2/4,79
,
2017/2/5,52
,
2017/2/6,62
,
2017/2/7,77
,
2017/2/8,28
,
2017/2/9,85
,
2017/2/10,86
,
2017/2/11,88
,
2017/2/12,149
,
2017/2/13,104
,
2017/2/14,70
,
2017/2/15,90
,
2017/2/16,118
,
2017/2/17,148
,
2017/2/18,107
,
2017/2/19,139
,
2017/2/20,168
,
2017/2/21,72
,
2017/2/22,30
,
2017/2/23,68
,
2017/2/24,61
,
2017/2/25,70
,
2017/2/26,87
,
2017/2/27,79
,
2017/2/28,82
,
2017/3/1,97
,
2017/3/2,72
,
2017/3/3,89
,
2017/3/4,86
,
2017/3/5,64
,
2017/3/6,102
,
2017/3/7,97
,
2017/3/8,104
,
2017/3/9,93
,
2017/3/10,64
,
2017/3/11,45
,
2017/3/12,41
,
2017/3/13,41
,
2017/3/14,45
,
2017/3/15,50
,
2017/3/16,46
,
2017/3/17,49
,
2017/3/18,40
,
2017/3/19,54
,
2017/3/20,25
,
2017/3/21,44
,
2017/3/22,31
,
2017/3/23,40
,
2017/3/24,33
,
2017/3/25,46
,
2017/3/26,83
,
2017/3/27,106
,
2017/3/28,78
,
2017/3/29,43
,
2017/3/30,60
,
2017/3/31,56
,
2017/4/1,73
,
2017/4/2,96
,
2017/4/3,86
,
2017/4/4,77
,
2017/4/5,89
,
2017/4/6,73
,
2017/4/7,51
,
2017/4/8,62
,
2017/4/9,45
,
2017/4/10,35
,
2017/4/11,32
,
2017/4/12,50
,
2017/4/13,82
,
2017/4/14,83
,
2017/4/15,102
,
2017/4/16,80
,
2017/4/17,54
,
2017/4/18,74
,
2017/4/19,92
,
2017/4/20,52
,
2017/4/21,59
,
2017/4/22,68
,
2017/4/23,91
,
2017/4/23,91
,
2017/4/24,91
,
2017/4/25,65
,
2017/4/26,48
,
2017/4/27,60
,
2017/4/28,89
,
2017/4/29,104
,
2017/4/30,104
,
2017/5/1,74
,
2017/5/2,56
,
2017/5/3,66
,
2017/5/4,37
,
2017/5/5,51
,
2017/5/6,79
,
2017/5/7,95
,
2017/5/8,44
,
2017/5/9,63
,
2017/5/10,90
,
2017/5/11,87
,
2017/5/12,49
,
2017/5/13,67
,
2017/5/14,85
,
2017/5/15,79
,
2017/5/16,80
,
2017/5/17,93
,
2017/5/18,97
,
2017/5/19,78
,
2017/5/20,70
,
2017/5/20,70
,
2017/5/21,75
,
2017/5/22,67
,
2017/5/23,43
,
2017/5/24,41
,
2017/5/25,86
,
2017/5/26,76
,
2017/5/27,106
,
2017/5/28,108
,
2017/5/29,110
,
2017/5/30,100
,
2017/5/31,88
,
2017/6/1,52
,
2017/6/2,47
,
2017/6/3,46
,
2017/6/4,35
,
2017/6/5,31
,
2017/6/6,30
,
2017/6/7,68
,
2017/6/8,74
,
2017/6/9,59
,
2017/6/10,40
,
2017/6/11,30
,
2017/6/12,26
,
2017/6/13,28
,
2017/6/14,30
,
2017/6/15,43
,
2017/6/16,44
,
2017/6/17,58
,
2017/6/18,41
,
2017/6/19,47
,
2017/6/20,70
,
2017/6/21,51
,
2017/6/22,38
,
2017/6/23,26
,
2017/6/24,22
,
2017/6/25,25
,
2017/6/26,37
,
2017/6/27,49
,
2017/6/28,41
,
2017/6/29,32
,
2017/6/30,33
,
2017/7/1,27
,
2017/7/2,29
,
2017/7/3,23
,
2017/7/4,30
,
2017/7/5,42
,
2017/7/6,40
,
2017/7/7,32
,
2017/7/8,34
,
2017/7/9,30
,
2017/7/10,32
,
2017/7/11,41
,
2017/7/12,63
,
2017/7/13,65
,
2017/7/14,76
,
2017/7/15,65
,
2017/7/16,67
,
2017/7/17,74
,
2017/7/18,39
,
2017/7/19,33
,
2017/7/20,43
,
2017/7/21,61
,
2017/7/22,82
,
2017/7/23,84
,
2017/7/24,83
,
2017/7/25,83
,
2017/7/26,84
,
2017/7/27,87
,
2017/7/28,84
,
2017/7/29,75
,
2017/7/30,58
,
2017/7/31,26
,
2017/8/1,23
,
2017/8/2,41
,
2017/8/3,47
,
2017/8/4,55
,
2017/8/5,67
,
2017/8/6,59
,
2017/8/7,60
,
2017/8/8,57
,
2017/8/9,46
,
2017/8/10,41
,
2017/8/11,37
,
2017/8/12,30
,
2017/8/13,30
,
2017/8/14,26
,
2017/8/15,30
,
2017/8/16,31
,
2017/8/17,44
,
2017/8/18,44
,
2017/8/19,61
,
2017/8/20,60
,
2017/8/21,39
,
2017/8/22,56
,
2017/8/23,38
,
2017/8/24,32
,
2017/8/25,54
,
2017/8/26,41
,
2017/8/27,47
,
2017/8/28,37
,
2017/8/29,53
,
2017/8/30,53
,
2017/8/31,47
,
2017/9/1,56
,
2017/9/2,58
,
2017/9/3,70
,
2017/9/4,76
,
2017/9/5,66
,
2017/9/6,51
,
2017/9/7,37
,
2017/9/8,46
,
2017/9/9,39
,
2017/9/10,42
,
2017/9/11,23
,
2017/9/12,37
,
2017/9/13,56
,
2017/9/14,74
,
2017/9/15,64
,
2017/9/16,70
,
2017/9/17,69
,
2017/9/18,87
,
2017/9/19,78
,
2017/9/20,36
,
2017/9/21,39
,
2017/9/22,55
,
2017/9/23,57
,
2017/9/24,63
,
2017/9/25,60
,
2017/9/26,51
,
2017/9/27,58
,
2017/9/28,31
,
2017/9/29,35
,
2017/9/30,53
,
2017/10/1,69
,
2017/10/2,64
,
2017/10/3,33
,
2017/10/5,25
,
2017/10/6,31
,
2017/10/7,55
,
2017/10/8,71
,
2017/10/9,71
,
2017/10/10,71
,
2017/10/11,40
,
2017/10/12,19
,
2017/10/13,30
,
2017/10/14,44
,
2017/10/15,31
,
2017/10/16,27
,
2017/10/17,31
,
2017/10/18,41
,
2017/10/19,36
,
2017/10/20,45
,
2017/10/21,58
,
2017/10/22,88
,
2017/10/23,95
,
2017/10/24,78
,
2017/10/25,61
,
2017/10/26,70
,
2017/10/27,78
,
2017/10/28,93
,
2017/10/29,88
,
2017/10/30,63
,
2017/10/31,76
,
2017/11/1,98
,
2017/11/2,109
,
2017/11/3,106
,
2017/11/4,96
,
2017/11/5,67
,
2017/11/6,102
,
2017/11/7,187
,
2017/11/8,164
,
2017/11/9,138
,
2017/11/10,157
,
2017/11/11,99
,
2017/11/12,58
,
2017/11/13,78
,
2017/11/14,76
,
2017/11/15,134
,
2017/11/16,100
,
2017/11/17,33
,
2017/11/18,35
,
2017/11/19,43
,
2017/11/20,59
,
2017/11/21,73
,
2017/11/22,67
,
2017/11/23,70
,
2017/11/24,70
,
2017/11/25,88
,
2017/11/26,91
,
2017/11/27,88
,
2017/11/28,92
,
2017/11/29,95
,
2017/11/30,42
,
2017/12/1,49
,
2017/12/2,63
,
2017/12/3,61
,
2017/12/4,84
,
2017/12/5,155
,
2017/12/6,116
,
2017/12/7,102
,
2017/12/8,96
,
2017/12/9,76
,
2017/12/10,98
,
2017/12/11,77
,
2017/12/12,81
,
2017/12/13,92
,
2017/12/14,30
,
2017/12/15,23
,
2017/12/16,42
,
2017/12/17,93
,
2017/12/18,70
,
2017/12/19,66
,
2017/12/20,70
,
2017/12/21,94
,
2017/12/22,117
,
2017/12/23,132
,
2017/12/24,83
,
2017/12/25,65
,
2017/12/26,71
,
2017/12/27,86
,
2017/12/28,101
,
2017/12/29,60
,
2017/12/30,98
,
2017/12/31,106
,
2018/1/1,87
,
2018/1/2,75
,
2018/1/3,53
,
2018/1/4,13
,
2018/1/5,26
,
2018/1/6,38
,
2018/1/7,32
,
2018/1/8,71
,
2018/1/9,69
,
2018/1/10,74
,
2018/1/11,69
,
2018/1/12,65
,
2018/1/13,68
,
2018/1/14,80
,
2018/1/15,90
,
2018/1/16,74
,
2018/1/17,90
,
2018/1/18,101
,
2018/1/19,149
,
2018/1/20,116
,
2018/1/21,79
,
2018/1/22,54
,
2018/1/23,85
,
2018/1/24,76
,
2018/1/25,17
,
2018/1/26,29
,
2018/1/27,30
,
2018/1/28,42
,
2018/1/29,64
,
2018/1/30,95
,
2018/1/31,98
,
2018/2/1,81
,
2018/2/2,77
,
2018/2/3,61
,
2018/2/4,57
,
2018/2/5,59
,
2018/2/6,72
,
2018/2/7,70
,
2018/2/8,75
,
2018/2/9,87
,
2018/2/10,107
,
2018/2/11,114
,
2018/2/12,105
,
2018/2/13,91
,
2018/2/14,83
,
2018/2/15,92
,
2018/2/16,91
,
2018/2/17,105
,
2018/2/18,87
,
2018/2/19,34
,
2018/2/20,20
,
2018/2/21,34
,
2018/2/22,39
,
2018/2/23,52
,
2018/2/24,35
,
2018/2/25,67
,
2018/2/26,53
,
2018/2/27,57
,
2018/2/28,39
,
2018/3/1,49
,
2018/3/2,75
,
2018/3/3,75
,
2018/3/4,52
,
2018/3/5,24
,
2018/3/6,37
,
2018/3/7,24
,
2018/3/8,35
,
2018/3/9,50
,
2018/3/10,73
,
2018/3/11,77
,
2018/3/12,83
,
2018/3/13,119
,
2018/3/14,64
,
2018/3/15,55
,
2018/3/16,38
,
2018/3/17,53
,
2018/3/18,30
,
2018/3/19,17
,
2018/3/20,31
,
2018/3/21,54
,
2018/3/22,68
,
2018/3/23,95
,
2018/3/24,86
,
2018/3/25,61
,
2018/3/26,69
,
2018/3/27,78
,
2018/3/28,84
,
2018/3/29,88
,
2018/3/30,85
,
2018/3/31,93
,
2018/4/1,98
,
2018/4/2,72
,
2018/4/3,53
,
2018/4/4,53
,
2018/4/5,37
,
2018/4/5,37
,
2018/4/6,64
,
2018/4/7,89
,
2018/4/8,80
,
2018/4/9,85
,
2018/4/10,92
,
2018/4/11,70
,
2018/4/12,60
,
2018/4/13,35
,
2018/4/14,34
,
2018/4/15,80
,
2018/4/16,97
,
2018/4/17,97
,
2018/4/18,87
,
2018/4/19,95
,
2018/4/20,80
,
2018/4/21,49
,
2018/4/22,47
,
2018/4/23,26
,
2018/4/24,34
,
2018/4/25,62
,
2018/4/26,63
,
2018/4/27,70
,
2018/4/28,79
,
2018/4/29,65
,
2018/4/30,41
,
2018/5/1,35
,
2018/5/2,43
,
2018/5/3,61
,
2018/5/4,75
,
2018/5/5,60
,
2018/5/6,35
,
2018/5/7,34
,
2018/5/8,44
,
2018/5/9,62
,
2018/5/10,66
,
2018/5/11,49
,
2018/5/12,45
,
2018/5/13,53
,
2018/5/14,57
,
2018/5/15,52
,
2018/5/16,52
,
2018/5/17,61
,
2018/5/18,63
,
2018/5/19,45
,
2018/5/20,39
,
2018/5/21,37
,
2018/5/22,33
,
2018/5/23,63
,
2018/5/24,58
,
2018/5/25,74
,
2018/5/26,38
,
2018/5/27,55
,
2018/5/28,96
,
2018/5/29,84
,
2018/5/30,61
,
2018/5/31,41
,
2018/6/1,47
,
2018/6/2,50
,
2018/6/3,48
,
2018/6/4,48
,
2018/6/5,41
,
2018/6/6,39
,
2018/6/7,39
,
2018/6/8,18
,
2018/6/9,29
,
2018/6/10,61
,
2018/6/11,88
,
2018/6/12,72
,
2018/6/13,44
,
2018/6/14,51
,
2018/6/15,83
,
2018/6/16,94
,
2018/6/17,81
,
2018/6/18,65
,
2018/6/19,56
,
2018/6/20,31
,
2018/6/21,40
,
2018/6/22,41
,
2018/6/23,36
,
2018/6/24,40
,
2018/6/25,36
,
2018/6/26,35
,
2018/6/27,46
,
2018/6/28,47
,
2018/6/29,46
,
2018/6/30,31
,
2018/7/1,26
,
2018/7/2,39
,
2018/7/3,44
,
2018/7/4,54
,
2018/7/5,55
,
2018/7/6,33
,
2018/7/7,27
,
2018/7/8,27
,
2018/7/9,41
,
2018/7/10,56
,
2018/7/11,53
,
2018/7/12,29
,
2018/7/13,43
,
2018/7/14,32
,
2018/7/15,52
,
2018/7/16,55
,
2018/7/17,58
,
2018/7/18,43
,
2018/7/19,44
,
2018/7/20,47
,
2018/7/21,58
,
2018/7/22,56
,
2018/7/23,55
,
2018/7/24,53
,
2018/7/25,40
,
2018/7/26,57
,
2018/7/27,53
,
2018/7/28,47
,
2018/7/29,43
,
2018/7/30,52
,
2018/7/31,55
,
2018/8/1,44
,
2018/8/2,48
,
2018/8/3,51
,
2018/8/4,56
,
2018/8/5,51
,
2018/8/6,48
,
2018/8/7,62
,
2018/8/8,63
,
2018/8/9,65
,
2018/8/10,60
,
2018/8/11,73
,
2018/8/12,88
,
2018/8/13,41
,
2018/8/14,39
,
2018/8/15,34
,
2018/8/16,42
,
2018/8/17,34
,
2018/8/18,37
,
2018/8/19,54
,
2018/8/20,52
,
2018/8/21,48
,
2018/8/22,60
,
2018/8/23,63
,
2018/8/25,75
,
2018/8/27,44
,
2018/8/29,34
,
2018/8/31,22
,
2018/9/2,37
,
2018/9/3,48
,
2018/9/4,62
,
2018/9/5,70
,
2018/9/6,101
,
2018/9/7,53
,
2018/9/8,54
,
2018/9/9,62
,
2018/9/10,55
,
2018/9/11,60
,
2018/9/12,57
,
2018/9/13,53
,
2018/9/14,54
,
2018/9/15,61
,
2018/9/16,61
,
2018/9/17,44
,
2018/9/18,26
,
2018/9/19,49
,
2018/9/20,57
,
2018/9/21,38
,
2018/9/22,44
,
2018/9/23,53
,
2018/9/24,61
,
2018/9/25,67
,
2018/9/26,41
,
2018/9/27,42
,
2018/9/28,58
,
2018/9/29,65
,
2018/9/30,71
,
2018/10/1,71
,
2018/10/2,66
,
2018/10/3,71
,
2018/10/4,82
,
2018/10/5,80
,
2018/10/6,83
,
2018/10/7,86
,
2018/10/8,95
,
2018/10/9,70
,
2018/10/10,65
,
2018/10/11,52
,
2018/10/12,58
,
2018/10/13,63
,
2018/10/14,39
,
2018/10/15,50
,
2018/10/16,39
,
2018/10/17,55
,
2018/10/18,61
,
2018/10/19,56
,
2018/10/20,42
,
2018/10/21,30
,
2018/10/22,25
,
2018/10/23,47
,
2018/10/24,65
,
2018/10/25,55
,
2018/10/26,48
,
2018/10/27,64
,
2018/10/28,85
,
2018/10/29,80
,
2018/10/30,71
,
2018/10/31,65
,
2018/11/1,71
,
2018/11/2,58
,
2018/11/3,41
,
2018/11/4,55
,
2018/11/5,57
,
2018/11/6,47
,
2018/11/7,14
,
2018/11/8,19
,
2018/11/9,45
,
2018/11/10,46
,
2018/11/11,26
,
2018/11/12,45
,
2018/11/13,39
,
2018/11/14,31
,
2018/11/15,45
,
2018/11/16,39
,
2018/11/17,32
,
2018/11/18,14
,
2018/11/19,29
,
2018/11/20,34
,
2018/11/21,34
,
2018/11/22,92
,
2018/11/23,87
,
2018/11/24,83
,
2018/11/25,71
,
2018/11/26,81
,
2018/11/27,80
,
2018/11/28,81
,
2018/11/29,92
,
2018/11/30,78
,
2018/12/1,133
,
2018/12/2,110
,
2018/12/3,42
,
2018/12/4,24
,
2018/12/5,37
,
2018/12/6,13
,
2018/12/7,19
,
2018/12/8,28
,
2018/12/9,43
,
2018/12/10,35
,
2018/12/11,31
,
2018/12/12,101
,
2018/12/13,120
,
2018/12/14,105
,
2018/12/15,87
,
2018/12/16,55
,
2018/12/17,92
,
2018/12/18,115
